REALLY,LIVERY,TIFFANY,MIGHTY,PRETTY,HAPPY,BABY,DAISY,LADY,COLONY,GOOFY,ARMY,VERY,SKY,SHINY,NAVY
FIN,GRAY,CASINO,PILOT,DEPARTED,SCHEDULE,RIGHT,FLIER,ATM,SPLIT,SPATULA,BLUE,WENT,ACE,LEFT,AVIATOR
FIX,ROW,POTATO,COMPUTER,POKER,ROULETTE,BLUE,BINGO,WAR,AMEND,LOTTERY,SCRAP,CORRECT,REVISE,FIGHT,TIFF
CORONA,SHOOT,REAR,RADIATION,RECORDER,FOSTER,LIGHT,SPROUT,BASSOON,BASS,BLOOM,FLARE,NURSE,HARP,RAISE,BUD
GO,VISION,ROCKET,FASTER,CLIPPER,PACE,MOVE,PROMPTER,MEDICINE,SPUR,SPEED,COMMUTE,PACER,RATE,HURRY,CLIP
BEIGE,ROUT,MISS,DITCH,PRAYER,CUT,CHEESE,TAN,SWEEP,BLOWOUT,CAMEL,HAMSTER,COLOR,KHAKI,SKIPS,ROMP
VISA,PRAISE,TAIL,PROPS,TRACK,NAME,GLORY,PHOTO,CHASE,CREDIT,STAMP,REALIZE,LEARN,FIND,SHADOW,DISCOVER
MOOD,TABLE,CRUSH,MASH,HARE,TRAMPOLINE,RECORD,HOCKEY,VOLLEYBALL,PRESS,CRICKET,SQUASH,SKELETON,FROG,KANGAROO,BREAKING
GAG,HEN,EYE,JAW,GAB,DOE,YAK,COW,SAT,MER,YAP,POP,MAR,BIB,EAR,EWE
SKYBOX,BOLOGNESE,HASSELBLAD,FUJIFILM,CREAMSICLE,NEAPOLITAN,VENETIAN,JUMBOTRON,ASTROTURF,RUSHMORE,PARMESAN,KISSCAM,JOURNEYMAN,POLAROID,OLYMPUS,SCOREBOARD
AIRS,AFFECT,BERRY,WATERS,FRONT,PAGE,WIND,GENRE,GUESS,CHARADE,PLOT,NATURE,CAST,KING,FIDDLE,TITLE
GALAXY,MONOLOGUE,ORION,PEGASUS,GEMINI,PHASE,SOLITAIRE,CYCLOPS,SNAIL,CYCLONE,ROUND,CYGNUS,STAGE,UNICYCLE,CYCLE,SUNFLOWER
MARCH,FEET,PROGRESS,ADVANCE,GARBAGE,CHEESE,FREEZE,CUT,SKUNK,MADNESS,FAKE,ABSURDITY,PUSH,NONSENSE,FOLLY,SIX
REDUCE,SPECIAL,REVIEW,COACH,FINALE,PREMIERE,SHRINK,SCREEN,PREMIUM,PILOT,CONTRACT,CHECK,FIRST,LESSEN,BUSINESS,VET
OUT,PARDON,DEAD,BLAST,KNOCK,DIRTY,DOH,DATE,REASON,EXCUSE,OOPS,APOLOGIES,DEFENSE,SLAM,TRASH,SORRY
JACKIE,SERVE,BUMP,SUCCESS,ROW,PIE,SET,WINNER,HIT,NEW,SPIKE,JELL,MOO,DADDY,DAY,SMASH
RADIANT,EMERALD,TARRAGON,BAGUETTE,BEAN,CANDY,FENNEL,COSTUME,NUT,LICORICE,NOODLE,DECORATIONS,ANISE,PUMPKIN,PRINCESS,MELON
TIER,GOLDEN,CLASS,DADDY,DIVISION,BOSTON,IF,PIT,PLUS,LAB,ALSO,HARLEM,AND,RANK,WITH,HOWL
BOOTY,PAJAMAS,REAR,SLIPPERS,CAN,PAMPER,MEOW,TOWEL,ROBE,CRADLE,WASHCLOTH,BABY,SPOIL,BUM,MOTHER,EYE
COVER,BLANK,OPTION,SHIFT,SPACE,OBSCURE,HIDE,CONTROL,FRISBEE,COMMAND,STICK,BALL,FLAKE,BLOCK,FORGET,BONE
CONCENTRATION,HEATER,DEGREE,MINOR,GENERAL,STATION,MAJOR,DOWN,INHALE,BROAD,CADET,BAR,SWEEPING,WOLF,BLANKET,SCARF
DART,HERO,PUNCH,CURE,CAN,SPICE,SEAM,PLEAT,HEM,CONDO,DRY,HAW,BITE,FREEZE,LOO,EDGE
LUCID,CIGARETTE,COMMON,AMERICAN,JOINT,EMPTY,COLLECTIVE,MUTUAL,PIPE,FLUSH,TICKET,TOE,DRAIN,PENCIL,CLEAR,FEVER
TERMINAL,LAWSUIT,WINDSOCK,GUMSHOE,TARMAC,COMPLAINT,TURNCOAT,TORCH,BEANBAG,RING,ACTION,RUNWAY,HANGAR,CLUB,FOXGLOVE,CLAIM
LEGEND,SLIM,SMALL,LARGE,CHANNEL,STYLES,OUTSIDE,PROOF,SWIFT,REMOTE,MEANS,ROOM,VEHICLE,MEDIUM,GRANDE,MARS
UNIT,BIRTHMARK,HALL,LIBRARY,FELLOW,BUNNY,PARTNER,PEEP,JELLY BEAN,EGG,SPY,ANIMAL,PEER,STUDY,ASSOCIATE,LOUNGE
TON,FLOP,DANCE,COLLAPSE,WHISTLE,LAUGH,WAVE,CAVE,GIVE,SHOUT,BUCKLE,MASS,SNAP,BUTTON,SLEW,SEA
AGENT,ASSET,LINE,THOUSAND,KELVIN,MOLE,METER,FOOT,COUCH,INTIMATE,IMPLY,VERSE,OKAY,SUGGEST,POTASSIUM,SLEEPER
CRICKET,FRONTIER,VAMPIRE,FRUIT,RISK,BET,GARLIC,ADVENTURE,PARSLEY,BUTTER,FANTASY,BREAD,TOMORROW,STAKE,BASEBALL,GAMBLE
HOP,FLOW,REED,TIME,COFFER,TANG,CHEST,JUMP,LEAP,SAFE,VAULT,DAY,ERA,SPRING,AGE,DRIB
JEOPARDY,HURDLE,CUBAN,JAVELIN,DUTCH,WEDGE,DATE,KITTEN,JACK,SWISS,POLE,STILETTO,SPACE,AMERICAN,BLUE,HAMMER
RITZ,ROPE,PIKE,HEADBAND,CORPORATE,SPLIT,STRADDLE,OYSTER,ANIMAL,MULLET,GOLDFISH,TUCK,WORD,SALMON,NEON,SPANDEX
BRAVE,KIND,MANNER,VARIETY,ROMANTIC,TYPE,SURREAL,SWEET,BITTER,SOUR,EXPRESSION,SORT,CONFRONT,FACE,SALTY,MEET
FOIL,PLOD,LIMBER,HARPOON,ORGANISM,ELASTIC,GLOVE,JACKET,STOMP,PLASTIC,BASSINET,TRUDGE,LUMBER,MASK,CELLOPHANE,SUPPLE
SHOP,LIGHT,MILL,WIND,MIDDLE,FACTORY,RIND,HEAVY,WING,STEM,SEED,WINE,PLANT,WINK,FEATHER,CORE
OLIVE,PARADE,EROTIC,SAD,MINT,FOREST,CARAVAN,HEDGEHOG,TRAIN,CACTUS,DEMOCRATIC,SKELETON,NOBLE,LIME,BOOK,FLEET
PREEN,ARM,BRANCH,SOURCE,ROOT,MELLOW,GROWL,CHAPTER,WING,HOWL,CLUE,CRADLE,FROWN,FONT,BARK,WHINE
CABARET,CATS,COMPUTER,COMPANY,THOUGHT,NAGS,SUPER,ROCK,TESTS,HARD KNOCKS,BUGS,FISH,PIANO,HOUNDS,BADGERS,ANNIE
TEAR,DRIP,RHYTHM,DUD,LEAK,BEAD,PEE,BORE,WIND,DROP,GLOB,BEAT,CHARRED,STRING,DRAG,BRASS
BLOW,MATCH,LOG,GRINDER,ROUTER,SPOIL,KINDLING,SAW,FLUFF,TINDER,HANDLE,FRAME,DRILL,LOCK,BUMBLE,HINGE
PASTA,NIBBLE,BEANS,SNACK,STOCK,TRACK,STALK,GRAZE,TYPE,BROAD,HUNT,POD,TRAIL,PECK,VEGETABLES,FORE
CURL,ION,PRESS,NESS,LOCK,COVERAGE,FLEA,SHIP,EXPOSURE,MEDIA,TRESS,FAMILY,FLYING,PUBLICITY,RINGLET,DOM
UNION,BOA,PILLOW,BASIC,RUBY,PYTHON,CROC,HEADDRESS,LOAFER,SLIPPER,JAVA,COBRA,LIGHTNING,INSPIRATION,SHUTTLECOCK,MOCCASIN
PLAYGROUND,SURVEY,TRACK,HOURGLASS,BROIL,OASIS,DESERT,BLUR,LIGHT,WATCH,BEACH,MONITOR,PULP,TIMER,BAKE,SUEDE
ODD,BRUSH,HUG,SOY,CLAW,SKIM,XO,GRAZE,WHOLE,KISS,OYSTER,WITNESS,PRIME,PLUM,FRUIT,PERFECT
FROZEN,URGE,EGG,MEATBALL,BANANAS,DAIRY,STEADY,ORANGE,FIGURE,JAWBREAKER,GOAD,FISH,PRODUCE,SPUR,MOZZARELLA,SNACK
DROP,REFEREE,CANDLES,ECHO,MIME,FREEZE,PARROT,LAG,SAILOR,SAMURAI,PRINCESS,FANTASTIC,APOLLO,PRISONER,MONKEY,GENIE
DORY,BUZZ,HOOK,AUTO,HUM,SCOW,DRONE,AMERICA,BUREAU,DEMO,NEMO,SLOOP,PURR,PLUTO,MORGAN,BARGE
PACK,SNITCH,TRIANGLE,STUFF,DRAGON,RAT,FINK,CANARY,FIRE,JAM,SQUEEZE,CAT,MOUNTAIN,COW,BUTTER,HORSE
AIR,CARD,SCREEN,BATH,EON,STOP,PICTURE,SKIP,SHUFFLE,REWIND,NET,CURTAIN,TOW,RUN,SHOW,ETHER
CLOCK,ANCHOR,HEART,BOW,TARGET,SLUG,ARROW,ROSE,BELT,DRAGON,BRIDGE,SPIT,DECK,QUIVER,GIN,WAR
RAY,TRIANGLE,SPONGE,CIRCLE,BOB,FREE,SQUARE,CRAB,CROSS,SQUID,FEAST,PANTS,WEAVE,THAT,DIAMOND,HOOK
TOOT,GARISH,HONEY,ZERO,BRIGHT,HUG,OF,LOUD,FLASHY,OXYGEN,WIND,GAS,PLATINUM,DIRTY,STRAWBERRY,STINKER
LORD,PASTOR,CARDINAL,ROAM,SHEESH,BISHOP,DELI,PLEASE,MADONNA,BROTHER,SOUL,PRINCE,NIECE,PRIOR,HEART,QUEEN
TWIST,COFFEE,VANILLA,ROUTINE,MATE,UP,DULL,BIT,TEA,BORING,DRY,COCOA,DIRTY,MUNDANE,ACT,SET
STY,STABLE,REX,FLUFFY,FIRM,ROVER,COMPANY,RANGE,LACK,PEN,AGENCY,SPOT,INK,COOP,ENTERPRISE,OLD
BREAK,HOLE,WHOLLY,BUCKLE,HOLLY,DOG,HOLY,HOLEY,LOOP,RECESS,STRAP,LEAVE,SANDAL,DRIFT,HOLIDAY,HOLI
LOVER,NUT,BUFF,PRUNE,TRIM,PARE,BRAIN,PUG,JACKED,SWOLE,FAN,BUILT,WALNUT,CLIP,RIPPED,CUT
SNAKE,BAND,TAR,FRYER,OFFICIANT,GLEE,FIRE,FESTIVITY,BARBECUE,LIAR,ORCHESTRA,CHEER,FLORIST,CHOIR,MIRTH,CATERER
POUND,HERALD,CHRONICLE,CROISSANT,MOON,FLOWER,FEATHER,SICKLE,REGISTER,BANANA,BANG,HAMMER,SLAM,STAR,MUSHROOM,SUN
PASSION,ALL,PLUG,AD,LOVE,PROMOTE,PUSH,THING,COUPLE,ITEM,DEUCE,DRAGON,PAIR,PITCH,JACK,BREAD
RACKS,CREST,TILES,BOARD,MINI,CELL,TOY,SUMMIT,BAG,PEAK,BABY,CONTACT,DIGITS,NUMBER,POCKET,VERTEX
COURAGE,ANSWER,BRAIN,ACHE,WATCH,STING,WRIST,SMART,MIND,TWO,WRONG,HEART,GUARD,HOME,TEND,BURN
STRIKE,DUST,GLOVE,BASE,BALL,HONEY,BAT,THIMBLE,IRON,SOCK,BUGS,LICK,BLOW,TOP HAT,BAD,BOOT
LEGEND,LEVY,HIPPO,IN,ICON,HANDSOME,HOT,ASSESS,LIPID,FINE,SYMBOL,BIG,CHARGE,CHARACTER,GLYPH,POPULAR
ROSE,POPPY,RESUME,GRAMMY,CONE,LENS,EXPOSE,IRIS,DADA,PUPIL,CALCULATOR,MUM,PATE,CLOCK,CALENDAR,CAMERA
DEVISE,STERLING,INVENT,PERCENT,BAR,FINE,TIME,POUND,QUALITY,TORCH,COIN,BUCK,DOLLAR,PRIME,CREATE,AT
BATON,URGENT,WAND,LIGHT,STAFF,PLAQUE,PAID,LEAP,APPROVED,CROWN,FILLING,SCHOOL,SCEPTER,GAP,VOID,CAVITY
HOSE,HONEYCOMB,HEAD,FLEECE,CRAYON,ROB,CABIN,CANDLE,EAR,STIFF,STALK,NOSE,BULB,SEAL,WING,ENGINE
CARROT,DROP,BOOM,SWING,TALK,FLY,RACE,TAP,SALSA,TEAR,MODERN,FALL,SINK,DIP,SHOWER,BLAZE
DITCH,FUDGE,SEASHELLS,STRAND,CHERRY,CURSES,MAROON,RATS,SHOOT,WOODCHUCK,PEPPERS,SPRINKLES,DARN,FUZZY,DESERT,NUTS
PARAMOUNT,WHITE,GRANDSTAND,YELLOW,BLUE,MAIN,COVER,GREEN,PRIME,STRUT,PEACOCK,POSTURE,SUPREME,CHAIN,SCARLET,LOVE
GROSS,BASE,MEDIAN,PRETTY,MODE,STERN,BOND,ELEMENT,KING,RATHER,SOLUTION,GLASS,AWFUL,REAL,MEAN,RANGE
WORD,LIST,CON,SLOPE,DOPE,GIGGLE,CANT,EGGSHELL,LEAN,SKINNY,DUPE,SCOOP,HELLO,BOOB,FOOL,TRICK
COAT,SOUP,SYRUP,SHIELD,GREEN,ROSTER,BALLOT,PAD,TICKET,SLATE,CAPSULE,CREAM,TABLET,CUSHION,POD,BUFFER
STEAL,PANT,ROB,BULL,TAB,JEAN,SHORT,BUCK,TOM,CHECK,PINCH,JACK,INVOICE,BILL,SWIPE,TIGHT
STALL,TABLE,LEAD,RUN,HOLD,TACKLE,SAFETY,INVITE,PUNT,BADGE,CENTER,TICKET,CHAIR,END,PASS,DIRECT
TANK,BLEW,PHASE,WHEEL,SHOCK,READ,ROWS,PERIOD,CHORAL,CHAPTER,STAGE,DASH,POINT,ISSUE,SUBJECT,MATTER
GREAT,LIQUID,GAS,ICON,PHEW,ELEVATOR,PHAT,FEVER,LEGEND,PERFECT,HERO,PLASMA,PHISH,PHILLY,SALES,SOLID
CARDS,SPELL,MELT,HEX,LOG,SHRED,CRUMBLE,POKER,FLUE,GRATE,CURSE,DICE,SLICE,SLOTS,CHIPS,CHARM
SHAFT,FAT,SPONGE,RAG,ACID,SALT,HEAT,TRACY,PEPPER,BROOM,POLLEN,MONK,SMOKE,MOP,DUST,MAGNUM
STICK,TEE,HOLE,HORSESHOE,POLE,ROD,CLUB,TRIANGLE,BASKETBALL,CART,GOLDFISH,PITCHFORK,CARROT,STAFF,PUMPKIN,CIRCLE
ALPHABET,EYE,FINAL,ORAL,GEM,PHYSICAL,APPLE,AMAZON,PEACH,META,SWEET,BEAUTY,BABY,WISDOM,BAR,MARVEL
DISCO,ROCK,FUNK,MUSK,SWING,TANG,ODOR,AFRO,WAVE,BONE,GUTTER,LOCK,SWAY,FOUL,CRYSTAL,FIGHT
KISS,TEASE,KID,PEAK,ADULT,TIMES,RIB,PAIR,TEN,DOZEN,HEIGHT,TOP,SCORE,MAX,GROSS,JOSH
DUCK,MESSAGE,SICK,BOX,BOW,MATCH,BREAK,WRAPPING,SWIPE,STRIKE,CARD,TIGHT,LIT,CHARM,BLOCK,FIRE
TICK,TAP,FLY,FLOAT,PAIN,CHECK,MARK,MIKE,SOAR,40,BUG,COLE,GLIDE,X,WIRE,TIP
WORLD,BREAD,FRY,WONDER,BLOCK,WALK,JAM,LETTUCE,HIT,CLOG,TALK,TOMATO,STOP,BACON,DOUBLE,RUN
PLANT,GREEK,FEUD,PYRAMID,WATER,WHY,WEDGE,WHOA,WAY,WEE,WEED,WHEEL,SEED,CAESAR,MILLIONAIRE,GREEN
BALL,GROUP,TOURS,COUNTDOWN,FIREWORKS,DETAIL,PARTY,DIJON,CHAMPAGNE,NICE,CLARITY,KISS,CLUB,RESOLUTION,TEAM,DEFINITION
DOVE,BEAR,TRAIN,CHAIN,ORCA,WIND,TOURIST,ZEBRA,SPEED,DESERT,SKUNK,SERIES,PANDA,BASS,STRING,SAND
FLY,CROP,POLO,BY,RAD,CURIOUS,SAINT,GEE,TEE,JAY,EX,FRESH,BEE,BOY,BAD,TANK
BOLT,SWIFT,HOLIDAY,HANCOCK,TIRE,TRUNK,DASH,LARK,HOOD,DART,CARDINAL,BUMPER,MONK,JAY,ZIP,PARKER
BLACK,PROF,OMEN,PAINT,PASTEL,WARNING,GEN,CHARCOAL,SIGN,REV,BELL,MS,MESSAGE,GHOST,DR,INK
DRIVE,HOLD,CHECK,PAGE,SHEET,THUMB,FOLIO,CURB,STREET,LEAF,PICK,LIMIT,STEM,ALLEY,BLOW,LANE
AGENT,JUICE,SEGMENT,POINT,ENERGY,LINE,BOO,RAY,SANTA,FIRE,LOVE,BABY,SAUCE,ZIP,DEAR,CODE
HOCK,BELLY,DANDELION,MILD,SHOULDER,LIGHT,EYELASH,ROBE,CHOP,SOFT,CANDLE,DICE,MELLOW,TABLET,CROWN,TORCH
ON BOARD,IN,RASP,DROP,PLANE,BLUE,GOOSE,PINCH,GAME,DASH,TRAIN,DOWN,STRAW,SPLASH,CAR,BOAT
HOARSE,ANGEL,WHILE,WAIL,HAIR,DEAR,COMB,HIVE,CLOWN,HONEY,SPELL,STRETCH,WITCH,WAX,PERIOD,PIRATE
ONE,IODINE,WASHER,DRYER,IOTA,LEAD,DIRECT,HIDDEN,GUIDE,STEER,UNCANNY,IRON,MYSELF,SILICON,DEATH,HAMPER
RING,ITCHY,APPENDIX,JERRY,SPEEDY,BUZZ,CHAPTER,INDEX,SLIGHT,CALL,PREFACE,PINKY,MINUTE,DINKY,LITTLE,DIAL
TIE,BIT,CANINE,WATCH,BRACELET,CHARM,APPEAL,FREIGHT,SKETCH,ROUTINE,PULL,OFTEN,BELT,JOKE,DRAW,STONE
PRINCIPAL,BROADWAY,CHIEF,FLASH,RUSH,FIRST,ELEVENTH,FIFTH,MAIN,PARK,MADISON,SECOND,HAPPY,AMATEUR,WINK,JIFFY
STASH,STONES,PAGES,CARROT,SNOW,GIRL,BUSINESS,GUTS,BANK,NERVE,SAVE,GALL,STORE,BONE,STICKS,COAL
SPLASH,RAKE,HOE,THUD,PLOY,BANG,PLOW,PLOP,AMUSE,RUSE,TRICK,TICKLE,DELIGHT,PLEASE,PLOT,SICKLE
STOOP,CRAB,QUACK,FLAG,CHEAT,GROUCH,MOTTO,SEAL,DUCK,GRUMP,CRANK,CROOK,SQUAT,ANTHEM,SHARK,CROUCH
HOUND,SPLIT,LINING,DOME,BUG,FIELD,DIVIDE,SPOON,NAG,BOWL,BADGER,FORK,ARENA,SCREEN,FOX,PART
RISQUE,BOUGH,DOUGH,COARSE,STOP,GREEN,MERCY,BUNKER,UNCLE,BLUE,BAWDY,ENOUGH,COUGH,TOUGH,FAIRWAY,ROUGH
TRACK,ICE,BUMPER,FIN,NETHER,BALL,CLOUD,TRAIL,FLIPPER,PLUNGER,HAZE,SHADOW,MIST,TAIL,IRE,FOG
LACE,SETTLE,PACKAGE,PERCH,SOLE,SILK,EYELET,ROOST,CHIFFON,BABY,BLOW,LAND,SPEECH,SATIN,TONGUE,VELVET
BREEZE,MOUTH,TWIST,LEAP,BANK,PICNIC,COIL,BOUND,VAULT,WIND,BED,DELTA,CINCH,SPIRAL,SNAP,SPRING
PALM,WICKET,OLIVE,BOLT,NAIL,RICE,RIVET,SUNDAE,FINGERS,CORN,SHAKE,PEANUT,SPLIT,FLOAT,NOTE,SCREW
SPEAK,UTTER,VOICE,SHEER,FLAG,STARK,PURE,TOTAL,BANNER,PRINCE,AIR,WANE,EBB,FADE,WAYNE,STATE
HALLMARK,USA,MA,E,ALFA,TOM,HI,YO,POM,BOO,OK,ROMEO,LA,BRAVO,TANGO,BET
CRAB,SCALES,REST,VIRGIN,NOTE,STAFF,CLEF,CAN,CAPITOL,TAU,BULL,LIB,COLUMBIA,TWINS,ISLAND,GEM
FELICITY,FICTION,PAPER,GREAT,TRAVEL,CONSTRUCTION,POETRY,GLEE,FRASIER,GIANT,EUPHORIA,WHOOPING,CHEERS,BIG,HUMOR,HUGE
SECURE,LOAF,NICK,BAGUETTE,BUN,STATE,SCRATCH,HAIR,ROLL,CLINCH,LOCK,STEAM,GUARANTEE,MARK,CHIP,LETTUCE
CABLE,WATER,HITCH,ACOUSTIC,HYPE,COUPLE,HEARD,TIE,PUMP,GAS,AUDITORY,LINK,AMP,FIRE,SONIC,ELECTRIC
BAND,LIMIT,BASKET,PAPER,CHECK,CHEST,CAP,PEARL,TRAFFIC,HOOP,CURB,BIN,HAMPER,RING,NBA,CIRCLE
SHAVE,WAX,SOCKET,MARKET,OUTLET,PIECE,CRESCENT,MALL,SHARE,TAKE,TWEEZE,STORE,CUT,ALLEN,MONKEY,THREAD
STRING,ROBIN,GOOSE,ROPE,HOBBES,DODGE,REBECCA,COTTAGE,CREAM,SAY,BIRDS,DUCK,ESCAPE,NOTORIOUS,WATSON,SKIRT
HEEL,STAY,JERK,ARCH,DOWN,BASS,DOG,SIT,COME,SOLE,BALL,ORGAN,HORN,HARP,TOE,SNAKE
PACK,KEY,ATOLL,COUNTER,BEDROOM,DEN,SPROUT,ISLAND,JAM,BAG,BAR,STUFF,DIP,CRAM,STUDY,KITCHEN
MINT,SCAT,WHISTLE,STICK,HUM,LIME,TOTAL,TAPE,SUM,RUM,COUNT,SING,SODA,GUM,GLUE,GROSS
CHOP,COUNTY,EQUITY,GRIND,JUSTICE,CITY,PULSE,IVY,VILLAGE,CAPITAL,STOCK,LITTLE,INTEREST,PREMIER,PUREE,TOWN
CHANNEL,VOLUME,HIDDEN,PRIVATE,MOW,STRAIT,QUANTITY,NOON,CANAL,SIS,SECRET,AMOUNT,REMOTE,96,SOUND,NUMBER
MOUSE,LILY,FIAT,BACHELOR,JAGUAR,CHOPPED,SURVIVOR,CATFISH,ALONE,KNOCK,PAN,RAM,SLAM,MINI,ROAST,MAXI
JAPAN,PARFAIT,BOUQUET,TUNISIA,POLAND,RAPPORT,CURRY,RAGOUT,TURNOVER,BIRD,JORDAN,JAMES,PASTY,TURKEY,PIE,TART
WOLF,RAVINE,GULCH,SCARF,BASHFUL,CRAVEN,COWL,MIRROR,CHEN,CLARK,PASS,CANYON,GULP,GORGE,APPLE,QUEEN
VACUUM,CANINE,TUSK,FLOSS,MOLAR,FANG,WORM,LEECH,ROBOT,VAMPIRE,IN,CHIC,HIP,STRAW,HOT,VOGUE
TOMATO,PARROT,MIRROR,BABOON,MANGO,BONOBO,MINT,APE,GORILLA,LAMA,MIME,GIBBON,PASTOR,TAMARIND,MONK,CARDINAL
DAWN,STEP,TREAD,LABOR,STRIDE,START,REGAL,AUGUST,GROUNDHOG,CREATION,BIRTH,GRAND,MARCH,MAY,NOBLE,EARTH
RIDGE,LEDGE,PIQUE,PEKE,GLIMPSE,GLANCE,ACT,CHARADE,FRONT,PEEK,CLIFF,PEAK,GANDER,CRAG,LOOK,BLUFF
REGARDS,THANKS,CHEERS,NATS,YANKS,PLANKS,JAYS,TAYLOR,BEST,DIPS,CARDS,LUNGES,MOSS,SQUATS,WARREN,BANKS
GUIDE,DIRECT,DEER,DANE,FISH,ROT,BULL,SEAL,LAKE,MOOSE,LEAD,BUFFALO,STEER,HOGWASH,WHITE,NONSENSE
W,HAI,US,O,EW,WEE,SI,ICK,WE,DA,OK,OUI,WII,UGH,JA,PU
ANGER,SURPRISE,VOILA,FIRE,PRESTO,FEAR,BEHOLD,CARPENTER,LAND,GET,TADA,WIN,ADAM,HAPPINESS,SECURE,RED
CLOWN,TABLE,TEA,CUTUP,BOOK,CARD,HALLMARK,STAMP,JOKER,TRAIT,WORD,FEATURE,LETTER,PARAGRAPH,TREE,SENTENCE
SUB,AUTO,SUBARU,HONDA,JAGUAR,FORD,BMW,POST,GRANT,WILSON,PLAYER,COACH,GM,LINCOLN,SCOUT,SEMI
BALL,THIN,DOLLY,SHORT,GRIP,TRIPOD,CLUE,RIOT,KICK,ROOM,SPARE,BOOM,LENS,LIGHT,LIFE,BLAST
DEGREE,NUTMEG,QUICK,SHARP,SECRET,OLD SPICE,CLUB,SWORD,DILL,BRIGHT,MACE,SMART,ANISE,SAGE,SPEAR,AXE
DIET,COMPOSE,SKETCH,SLEEP,FRESH AIR,SERIAL,SEND,EXERCISE,RADIOLAB,BLACK,UP FIRST,FORWARD,WTF,DIVINE,PROP,REPLY ALL
BREEZE,SUNSCREEN,MULE,UMBRELLA,CURLY,MARY,HEDGE,RUSSIAN,WAFFLE,WEDGE,SEE-SAW,YO-YO,TOWEL,WAVER,FLIP-FLOP,SHOESTRING
FACTION,PING,CHIME,DING,RING,SURFACE,BING,WING,EDGE,SING,DIVISION,CAMP,SNITCH,RAT,SQUEAL,WORD
HERRING,SUGAR,STOCK,BOUILLON,VINYL,OPTION,ICE,LP,BOND,CD,WISH,SOUP,PLATTER,DIE,WAX,FUNNY
SPIT,TRILOGY,BICYCLE,EVEN,UNIFORM,PITCHFORK,LEVEL,PIN,STABLE,BILLBOARD,ROLLING STONE,QUADRANT,STEADY,SPIN,LANCE,SKEWER
SPORTS,PIPE,KNIFE,PRACTICE,STUDY,TUBE,ROPE,CIGARETTE,BIKE,DRILL,STRAW,CANDLESTICK,TRAIN,HOSE,WRENCH,TICKET
FAMILY,THERE,THOUGH,STILL,TUT,SEE,WHY,HOWEVER,ARE,WE,HEAR,YET,KNOCK,YOU,JELLY,FLUSH
DATA,VALLEY,INFO,LIGHT,APPLE,PLANET,HOLLOW,TORCH,DELL,NEWS,GLEN,REACTOR,COMPUTER,BURN,KINDLE,INTEL
WELL,UH,UM,FOLLOW,SEAM,DARN,SHARE,ER,HEM,RATCHED,ERM,SUBSCRIBE,SEW,SCRUBS,LIKE,HOUSE
DUST,SPORTS,ASTER,DAISY,BARN,TULIP,CARPENTER,ROSE,VIOLET,WAN,YELLOW,FARMER,TRACTOR,LIFE,CHICKEN,CRAVEN
WINK,SEASON,TALON,BAMBOO,HOT,PANIC,SNOOZE,BEAK,DRAGON,SECOND,WING,HEARTBEAT,FLASH,WIND,BELLY,FEATHER
NECK,LITTER,CLUTCH,BROOD,CONFRONT,HASH,STEW,HATCH,JUMBLE,FACE,BODY,FRET,BRIDGE,MEDLEY,CHALLENGE,OPPOSE
MANNER,SECOND,LIKEWISE,STYLE,LOOK,SIGHT,SAILOR,TASTE,SAME,HARVEST,BLUE,TOUCH,DITTO,DRESS,SMELL,NEW
COPPER,CARS,GOLD,SKY,NICKEL,ELEPHANTS,MERCURY,CHEEK,LIBERTY,TREES,SILVER,BRASS,SWIMMERS,GALL,NERVE,SPARKS
ACES,GLOBE,GROW,NEATO,NIFTY,FOAM,PEARL,LATHER,SWELL,FROTH,MOUNT,KEEN,BUBBLE,BUILD,MARBLE,HEAD
RING,HEAVENS,LORD,SWAN,PRESENT,GOODNESS,MAPLE,PAST,LADY,DRUMMER,PERFECT,COUGH,FUTURE,CORN,MERCY,SIMPLE
TEXTBOOK,DOWNTOWN,NICHE,CLASSIC,RAGTAG,PRIDE,BACKPACK,COLONY,BIGWIG,DEFINITIVE,CRANNY,NOOK,HERD,MODEL,RECESS,SCHOOL
FOCUS,KNOCKS,RING,SILENT,DRIVE,FEELINGS,SPARK,MOTIVATE,COPY,CONNECTION,SELTZER,INSPIRE,SPUR,CANDY,VIBRATE,VIBE
TRIFLE,SCONE,HANG,BOP,JAM,GROOVE,BANGER,LOUNGE,ROAST,BIND,CHILL,SCRAPE,MASH,SPOT,PICKLE,LOAF
STRAP,WIRE,CROCK,TRIPE,BALONEY,HOOK,RADAR,BOWL,SCUBA,SPAM,BUNK,PLATE,CUP,DISH,SAUCER,LASER
METAVERSE,WARREN,NOTHING,NEST,GOOD,JUST,EQUAL,CLOUD,WEB,HIVE,NET,IMPOSSIBLE,FAIR,DEN,EVEN,LAIR
FLEABAG,FLIPPER,FAKE,FIE,FORWARD,FIDDLESTICKS,FRIENDS,FASHION,FARGO,FIREFLY,FOOD,FRICK,FABRICATE,FORGE,FUDGE,FIX
DRAFT,DRAG,GUST,BOXER,TANG,PANT,GOGGLE,TONG,SNOOZE,ZIP,BREEZE,YAWN,BORE,KICK,BITE,PUFF
JEER,CANDY,RASPBERRY,BOO,GHOST,BOTTOM,FLOP,JILT,DUD,HISS,BOMB,GARDEN,LEMON,STAR,IGNORE,DESERT
LIP,CAT,SATURDAY,TUESDAY,SOUR,WEDNESDAY,FESTER,THING,LURCH,SUNDAY,TURN,SPOIL,CHANCE,ROT,FRIDAY,THURSDAY
WRENCH,TUG,SAW,PRINT,YANK,HAMMER,WILLY,SAVE,BABE,BEETHOVEN,FILE,FIND,JERK,COPY,LEVEL,CHARLOTTE
BOTTOM,PAD,LOOT,BUNS,CORD,DIAL,SPOILS,SEAT,JOINT,CRIB,SWAG,CRADLE,DIGS,BOOTY,TAIL,HANDSET
PINTO,RHYME,LINCOLN,CREATOR,METER,DUDE,RAPPER,FAVA,LIMERICK,VERSE,LAGOS,LINE,LIMA,LUXOR,STALLION,KIDNEY
BLOCK,LASSO,NOSE,DIAL,HAND,MASCARA,STRAP,SHIELD,CROWN,HIDE,COVER,SWORD,FAUCET,TIARA,CANDIDATE,MASK
WAX,MAY,MIGHT,LIGHTS,CAMERA,TOILET,BUTCHER,COULD,SCRAP,HEAD,ACTION,PRIME,LEAD,TOP,CUT,CAN
RANGER,GENESIS,ACTS,WILD,STARS,KRAKEN,TRIP,SOURCE,FLAMES,SEED,JOB,MARK,PLANT,GERM,KINGS,NAP
TOMATO,MELON,DOME,KETTLE,CUCUMBER,BIRD,REFEREE,CUT,PEPPER,NUMBER,TRAIN,SINGLE,NOODLE,CROWN,CORN,TRACK
BARS,BIRTHDAY,COMIC,RECEPTION,SANDWICH,ANNIVERSARY,SOAP,WEDDING,SERVICE,READING,BATH,SHOWER,SIGNAL,ROCK,MET,DERBY
DREW,EVE,KAREN,SHARON,HANNAH,WILL,ROSE,NATAN,DARREN,BROOK,DALE,AARON,SAVANNA,CLIFF,MAY,OTTO
LUCK,NANA,GOTHIC,HAHA,POP,PETER,MACBETH,ROFL,DADA,GAGA,LOL,HOOK,WENDY,BIRD,DECO,DEAD
BRANCH,ANGEL,ARM,MET,STONE,AUNT,NAT,RED,CHAPTER,PECK,FLEE,TON,BEATLE,BUSHEL,CUB,WING
LIFESAVER,MISTLETOE,STOCKING,DONUT,DISPLAY,EXHIBIT,CANDY CANE,SNOWMAN,PRESENT,REINDEER,BAGEL,CROSSWALK,SHOW,CHEERIO,REFEREE,TIGER
VANS,PUMA,ANGORA,SPEECH,GAB,AFGHAN,LEAD,ALPACA,JABBER,JORDAN,WATER,CHAT,BLATHER,CONVERSE,TRIAL,YAK
STAND,MAIL,BOW,NOTES,CLOCK,SALUTE,KNEEL,MAPS,SHELL,SCALES,ARROW,HINT,FUR,DOWN,DOG,FINGER
MOTH,CARDINAL,POPPY,CUP,OWL,BALLPARK,STRAW,BAT,STICK,BRICK,ACTION,WOLF,STIRRER,GO,BEET,LID
LOW,SPADE,HEART,WANTING,IRON,WEDGE,DIAMOND,CLUB,SHORT,THIRST,PUTTER,LONG,SHY,WOOD,PINE,ACHE
CRITICAL,TEMPO,JENNIFER,DEFEAT,TIRED,VITAL,PAPER,KEY,METAL,HENRY,ASSIGNMENT,ROCK,PLASTIC,KATE,CENTRAL,GLASS
RAIL,FORAGE,GLITTER,BULB,GRIME,BEER,TRAP,FISH,HUNT,BOUNCE,DRILL,YEAR,SPARKLE,FLASH,GLEAM,CRUNK
FACE,CHUMP,SUCKER,ACORN,POTATO,SAP,GUM,HURRICANE,FOOL,CHOCOLATE,MARK,POLLEN,CONE,NEEDLE,LICORICE,LOLLIPOP
HOUSE,VIPER,MONTY,ABSTRACT,BRIEF,SLIP,TEDDY,MOON,RUNDOWN,MAMBA,DIGEST,PYTHON,GARTER,THONG,BOA,CIRCLE
GRAM,TRAIN,BOOK,CRUST,TUBE,MA,COAT,IN,VEIL,COVER,BLACK,CAKE,FROST,BOUQUET,SPARROW,RING
DINOSAUR,BIRD,FISH,GRATER,MUSHROOM,MAMMAL,PEELER,PARTRIDGE,CLEAVER,REPTILE,PRINCESS,LADLE,WHISK,TANNER,BUNKER,PLUMBER
STRONG,SUMMER,FALL,WELL,KEYS,NICKS,DROP,SPRING,SOUND,SINK,FOUNTAIN,HEALTHY,DIP,SWIFT,FIT,TAP
TANGIBLE,SIGNS,HOVER,SUNDAE,STAR,CONCRETE,GLASS,FLOAT,SOLID,OLD,MALT,DASH,FIRM,SHAKE,SPLIT,KEY
MOTORCYCLE,PIGGY,ANIMAL,DOG,TRUCK,MITT,SCOOTER,SERVER,BUS,DIGIT,GONZO,BEAKER,BARTENDER,CAR,HOST,CHEF
PEN,COPY,TOO,PIN,FOR,TEE,SPARE,LANE,BALL,MUG,TOTE,WON,ALLEY,ATE,EXTRA,BACKUP
WINDOW,POCKET,DOZEN,LAUNDRY,LINK,TAB,COLLAR,MARTINI,JOKE,CUFF,BOOKMARK,BUTTON,BOND,HISTORY,TIE,RELATION
DRIFTER,COWBOY,MARS,QUICK,SMART,SHARP,FRONTIER,SOUTHWEST,LASSO,OUTLAW,BRIGHT,ALASKA,SHERIFF,SPIRIT,ROGERS,CLEVER
DELUXE,NAIVE,BERRY,LAVISH,APRICOT,FIG,STONE,SWANK,LIME,GRAND,OPULENT,FOSTER,UNWELL,GRAPE,ENVIOUS,FRESH
GIANT,WOLF,PRINCESS,LUCY,YOU,ROCK 'N ROLL,NEW YORK,MATE,WITCH,BISHOP,GAMBIT,CHARLIE,WOODSTOCK,PEPPERMINT PATTY,PIGPEN,QUEEN
GOAT,RADIATE,FLOOR,SHINE,BUFFALO,CUTIE,HORSE,VAULT,BEAM,EXCEL,SEEDY,GLOW,ENVY,COW,RINGS,SHEEP
ROGER,ALEJANDRO,PUPIL,STAN,IRIS,RETINA,FAKE,SHAM,OUT,LENS,BOGUS,LOLA,MICHELLE,PHONY,COPY,OVER
NEPO,NOPE,US,PONE,BEANIE,YOU,FUR,GET OUT,GO,SCRAM,OPEN,PEON,SANTA,LEAVE,THEM,ME
CHAI,SCOOP,MEOW,TEA,DIRT,OINK,CLUCK,SKINNY,COCOA,DISH,TRUNK,ROOT,BARK,BUZZ,BRANCH,COFFEE
CHERRY,FIREFLY,BAR,BONES,22,COBWEB,2001,451,TOMBSTONE,PUMPKIN,BELL,BAT,7,WEEDS,"20,000",24
ANACONDA,LEGS,CAPYBARA,HAIR,GREASE,CUCUMBER,LION,BOTTOM,FOOT,BASE,TOUCAN,FOUNDATION,CHANGE,COMPANY,RENT,JAGUAR
FLOUNDER,SMELT,SALMON,CARP,KILN,WALK,YOLK,COLONEL,OUT,FORGE,CATFISH,BALL,STRIKE,SAFE,OVEN,FURNACE
SOUL,DEMO,ESSENCE,SPIRIT,PORT,HEART,BRAVE,CIDER,SAKE,TICKER,UP,CARS,STOUT,SCOTCH,COCO,RED
FURY,ROCKY,WHEN,FRAMED,MET,HARRY,RABBIT,SHOW,PICTURE,MAX,WHO,HORROR,MAD,SALLY,ROAD,ROGER
PETAL,GOBLIN,LEAF,GNOME,OGRE,SPY,DRAGON,MOLE,BUD,STALK,RABBIT,TIGER,PLANT,AGENT,TROLL,HORSE
BONUS,TURKEY,PERK,GRAVY,ICING,STUFFING,I RAN,CHART,DIAGRAM,PIE,MAP,MONTERO,SATISFACTION,EXTRA,GRAPH,ISTANBUL
FOLDING,HIGH,PARK,LAWN,REVERSE,COMB,PALETTE,FIRST,EASEL,SAW,DRIVE,CANVAS,NEUTRAL,GEAR,ZIPPER,BRUSH
D,MARE,V,EWE,YOU,DOE,THEY,L,WE,COW,HEN,YEW,U,M,IT,I
PUNT,NUDE,UNCLAD,FILE,TURNOVER,DANISH,FUMBLE,MUFFIN,POLISH,NAKED,BUN,BARE,BUFF,SNAP,SACK,CLIP
POUND,COFFEE,TUMBLER,SAXOPHONE,SNIFTER,OBOE,OLDS,GOBLET,FLUTE,BALLOON,BISHOP,FROST,CLARINET,BASSOON,STEIN,FRICASSEE
NICK,CRACKER,CHIP,YES,DING,WING,SCRATCH,RIGHT,BINGO,FLAP,NACHO,FRY,LUMBER,APPLE,POPPER,CORRECT
WEIGHT,TIMES,PULL,SWAY,EYE,CROOK,ANKH,SLIDE,SWING,COURIER,SCARAB,PAPYRUS,SEESAW,CLOUT,IMPACT,SANDBOX
ORYX,RAVEN,ASH,BOOK,EBONY,RUN,CYBER,BLACK,LYNX,ONYX,BOUNCE,SPLIT,IBEX,FAT,JET,FOX
CON,WISH,CLOUD NINE,FAST ONE,WAVE,HIGH FIVE,BUCKET,GUEST,RACKET,PARADISE,TOP TEN,HEAVEN,SHAKE,HUSTLE,HUG,BLISS
KICK,PUB,BREAST,STROKE,SNARE,TICKER,DRUMSTICK,INFANT,TOM,HOLE,TENDER,SWIMMING,EAGLE,CYMBAL,WING,DRIVER
GUCCI,OPINION,BUSINESS,ATLAS,SORRY,NATIONAL,STYLE,TROUBLE,NIKE,FOXY,HERMES,PARIS,NOTORIOUS,RISK,TABOO,KILLER
BUNNY,BLOWOUT,EGG,CRICKET,SINK,PUPPET,MIXER,RANGE,ISLAND,WHALE,PARTY,BASH,SHINDIG,COUNTER,SUNDAY,WOODCARVER
MAMMOTH,DUDS,TURKEYS,BUSTS,SMOOCH,PECK,OUTFIT,THREADS,FLOPS,TRILOBITE,X,MASTODON,GETUP,SMACK,MISSES,DODO
FOLLOW,PEDAL,SHADOW,BEARD,DOG,GEAR,TRACK,MUSTACHE,MOVIE,HANDLEBAR,DOUBT,TAIL,VOTE,WHEEL,STUBBLE,GOATEE
SANTA,BOYS,CUPID,CHOCOLATE,TASTE,CARD,COMET,VIXEN,ROSE,SINGER,LIEUTENANT,DASHER,ACTOR,DANCER,STAND-UP,HEART
KANSAS,SPRITE,RUSH,NEVADA,COLORADO,GENESIS,HAWK,STARK,SOPRANO,MUG,UTAH,SQUIRT,YES,ARIZONA,CRUSH,MONTANA
MEAL,BARB,COOLER,CAMPER,SLIGHT,MINUTE,SLEEPING BAG,WEE,SMALL,TENT,DIG,HOUR,LANTERN,MEDIUM,DISS,JAB
MATE,PAL,BUD,GRASS,CROCK,HERB,POT,CHUM,WEDGE,SLIDE,WEED,CLOG,WOK,MARY JANE,PUMP,SKILLET
QUITE,COFFEE,REAL,CUP,STERLING,CARROT,PINT,POUND,RAND,QUART,SUPER,WON,AWFUL,GALLON,VERY,SPONGE
CAKE,ROOT,TART,FISHER,DOCTOR,MILLER,SMITH,ONE,DISTORT,PIE,MASON,FUDGE,DANCE,MEAL,COBBLER,TWIST
MILLENNIUM,CENTURY,MUNCH,OMELET,EGG,CLOSE,BACON,YEAR,WAFFLE,PANCAKE,WHISTLER,MONTH,CEREAL,DECADE,JUROR,ROSE
AIR,CIRCUS,WATER,SPIRIT,EARTH,SOLID,FIRE,VIGOR,SATURN,JUICE,WEDDING,PLASMA,TREE,STEAM,LIQUID,GAS
STORM,SINKER,SHIRT,SEE,SPOT,LUCKY,ROVER,OBSERVE,BONE,BAIT,CHUM,FIDO,REX,CATCH,NOTICE,FLY
OBVIOUS,KANGAROO,ZIP,BUCKLE,NOTHING,NADA,JACK,PRESS,CRUNCH,SNAP,PLANET,PLANK,BUTTON,CURL,LUNGE,SQUAT
FA,CO,PI,NU,LA,NI,MA,XI,NA,MU,HE,ME,DO,TI,PA,FE
CRIKEY,SELLING,FLAIR,FEYNMAN,MATE,BARBIE,OPPENHEIMER,EINSTEIN,GENIUS,MATCH,BUSH,FACULTY,HAWKING,MOOT,WEST,GIFT
SAW,BROOCH,BANGLE,PLEASE,DIAMOND,DELIGHT,ANKLET,PENDANT,FIELD,TICKLE,CHARM,COURT,SCREAM,PURGE,RING,RINK
SUN,SEVERAL,ASTEROID,POST,COMET,MELLON,MOON,PLUMB,FEW,JOURNAL,HANDFUL,LYME,GLOBE,SOME,PAIR,PLANET
CHAR,SHARK,STATE,BLADE,STORM,SCORPION,EEL,MITE,TICK,CATFISH,PERCH,CRIBS,BLACK WIDOW,SPIDER,FLASH,JACKASS
STRIPES,PAISLEY,MUSICAL,FIB,GOOBER,PLAID,KISS,WHOPPER,HOUNDSTOOTH,TALE,ROMANCE,DOT,LIE,HORROR,FICTION,WESTERN
TANGO,TAP,SPREAD,ASTEROIDS,CHAINZ,SAVAGE,BREAKOUT,PAC,FROGGER,CENT,SWING,PINCH,SALSA,PONG,HUSTLE,SWIPE
VIOLA,SELFIE,PUCK,DUNCAN,EGGNOG,JULIET,TOP,BLOCKS,BAGGAGE,YO-YO,GIGGLE,MEMORY,DOLL,HOCKEY,LEGGINGS,FISH
ABBEY,GROVER,TOM,CHESTER,ALTAR,RELIQUARY,ROCKY,HARRY,FELIX,TEMPLE,SHRINE,CALVIN,SILK,HIGH,SYLVESTER,GARFIELD
BLAZED,DOMAIN,BIO,HERD,GOV,PRIDE,STATS,HIGH,ORDER,CLASS,LIT,BAKED,SWARM,CHEM,COLONY,FAMILY
SPEAKER,HORN,VOLE,ORGAN,GROUSE,TRIANGLE,GRIPE,MONITOR,HAMSTER,KEYBOARD,CARP,MOAN,MOUSE,HARP,RAT,GERBIL
WEST,NEAR DARK,BLADE,HOAGIE,DRIVER,HERO,MATCH,BUMBLE,SUB,TINDER,GRINDER,SCOTT,ANT,HINGE,LOST BOYS,TWILIGHT
ACRYLIC,FALAFEL,YARD,TEMPERA,MILE,OIL,INCH,NICK,KATSU,FOOT,DIM,PEN,SCHNITZEL,QUART,WATERCOLOR,SAMOSA
CUCKOO,QUIRKY,DAFFY,AUNT,COUSIN,GRANDFATHER,DEWEY,MOTHER,NEPHEW,BIOLOGICAL,SCROOGE,ALARM,WACKY,DONALD,DAISY,KOOKY
GENIE,GHOST,DENIM,TEASE,NEEDLE,PHANTOM,SPIRIT,LINEN,CORDUROY,SPECTER,POKE,STITCH,SCAR,BEAST,TWEED,RIB
FOREST,GO,NAE,TREE,WARRIOR,GRASSLAND,LOTUS,CHA,CHAMELEON,COBRA,GECKO,IGUANA,TUNDRA,MONITOR,DESERT,CAN
PHILADELPHIA,GLAMOUR,MANHATTAN,ELLE,CHICAGO,TORNADO,W,CYCLONE,HURRICANE,SCREWDRIVER,SQUALL,MUNICH,ALLURE,COSMOPOLITAN,BLIZZARD,RIO
OUTBACK,CHECKERS,FLOYD,CAR,SUN,STRIPES,SUBWAY,TRAIN,PLANE,DAY,KING,BOAT,MAGIC,THUNDER,SONIC,SABBATH
SOLID,COPY,TRASH,LIQUID,LEAST,PLASMA,CUT,TESLA,STALE,ROUT,GAS,SHELLAC,SLATE,PASTE,CRUSH,UNDO
BEACH,SUNFLOWER,IRATE,BANANA,BOOBY,HARDY,CANARY,INCENSED,LIVID,LOST,PUFFIN,BEASTIE,SCHOOL BUS,GULL,PELICAN,FURIOUS
SPRINT,FINS,MASK,HYPHEN,FAT,JUNGLE,DASH,BOLT,PERIOD,HOUSE,COLON,SNORKEL,RACE,COMMA,DOJA,TANK
SAM,VOSS,MALTA,EVIAN,JAVA,JAPAN,POP,JOE,MUD,BREW,LUCKY,TONY,CUBA,FIJI,PALAU,DASANI
COVER,LID,MONK,HARBOR,BASSOON,CLARINET,TOP,CAT EYE,FLUTE,CAP,HARP,OBOE,HOODED,AVIATOR,WAYFARER,WRAPAROUND
CROP,MOLE,PIXIE,NEWTON,EVIL,J,SECOND,SHAG,BOB,WATCH,HOURGLASS,PEPPER,SUNDIAL,CLOCK,NO,HERTZ
PLATEAU,FEAR,MOUNTAIN,PLAIN,ONION,VALLEY,PINE,SESAME,JUMP,CEDAR,EVERYTHING,ELM,MAPLE,HILL,ASH,POPPY
CUB,HAWK,SPOKE,CHIN,SADDLE,VEND,OTTER,MANATEE,MOVE,BRAKE,PEDDLE,SEAL,DOLPHIN,MALT,TONG,CHAIN
CRUNCH,PAPER,DOUGH,MOUNDS,CHEDDAR,EYE,TRUTH,MOLE RAT,CHUNKY,WALLABY,WOMBAT,GUN,STACKS,KOALA,KANGAROO,MARS
QUARTER,HALF,LEAD,PENNY,HORSESHOE,TIN,IRON,CLOVER,NECK,NICKEL,DIME,RAINBOW,ZINC,MOON,AGAIN,SO
BUCK,BOUQUET,SCISSORS,SCENT,SHOOT,BLUES,FRAGRANCE,PAPER,BULL,ROCK,JACK,FUNK,COUNTRY,SOUL,AROMA,BOAR
FLANK,FERRY,TUG,CLUB,CHUCK,SUB,SHANK,MELT,SUE,YACHT,JOSH,ROUND,ROB,JUNK,LOIN,CUBAN
SMART,HEEL,LACE,CLUE,SOUL,TONGUE,SORRY,SOLE,CEMENT,RYAN,TROUBLE,HUNT,RISK,BAND,DUCKIE,BOND
SPHERE,PHONE,POD,LIMA,CONE,CUBE,POLISH,MOBILE,EGGPLANT,JOB,TOMATO,PAD,CUCUMBER,PYRAMID,PEPPER,MAC
RAVEN,SPIRAL,HIP,KNEE,ELBOW,PACKER,WRIST,BOWTIE,SHELL,SHOULDER,BRONCO,COWBOY,MOTHER,AIRPLANE,THEM,OKLAHOMA
SOLE,DIVIDE,SUBTRACT,LAP,MULTIPLY,ALLEY,SKATE,ADD,GNAT,FLY,TANG,WASP,MOTH,COOL,TETRA,COPY
KIWI,PINEAPPLE,GRUMPY,MANGO,OSTRICH,BANANA,BASHFUL,PENGUIN,PDF,ZIP,HAPPY,DOC,COCONUT,TIFF,GIF,EMU
ASS,POT,JACKET,LUNG,HEART,BOWLER,RABBIT,KNIFE,SPINE,FEDORA,PAGE,LIVER,COVER,BERET,FEZ,KIDNEY
MIX,PARROT,DENMARK,DILL,MILD,CRUISE,GREECE,WAITS,HOLLAND,LIVID,PETTY,PORTUGAL,POLAND,ECHO,COPY,MIMIC
HECK,DARN,FUDGE,FLAN,SHOOT,CHEESECAKE,HANDLEBAR,MOUSSE,WALRUS,ELEPHANT,WARTHOG,HORSESHOE,NARWHAL,PENCIL,TIRAMISU,HIPPO
BLINK,BOUNTY,WII,ANVIL,U,STIRRUP,SUM,MAROON,HEATH,SWITCH,DREAMCAST,HAMMER,COCHLEA,MILKY WAY,GENESIS,CRUNCH
CHAIN,SAUSAGE,WIRED,TWIST,MACARENA,BEACH BOY,ROLLING STONE,GOLF COURSE,MONKEE,FORTUNE,BEATLE,BYRD,VOGUE,MASHED POTATO,WEBSITE,DOUGIE
POODLE,SNOUT,BITE,BOXER,MUZZLE,DETOUR,BARRIER,BEAK,YIELD,DALMATIAN,SLOW,ASLEEP,STOP,TRUNK,WAVE,HUSKY
WAYNE,PUNK,JON,JAZZ,BETH,MEG,EDGE,CHROME,SAFARI,POP,RAP,KIM,BABY,AMY,OPERA,JO
EARL,RICE,RYE,BARON,HOWARD,LEE,STONE,BROWN,OAT,BARLEY,KING,BONG,FORD,SPELT,DUKE,PRINCE
POULTRY,GARLIC,TIFF,CRUCIFIX,QUARREL,VANILLA,SPAT,MIRROR,CREAM,EGGSHELL,ROW,BEEF,IVORY,STAKE,VENISON,PORK
HOWSER,QUAD,MEDAL,QUINN,COMMANDER,HOUSE,BEAR,TROPHY,PEC,RIBBON,GREY,BROWN,LAT,CUP,BILL,TRI
TIDE,ERA,PORT,LOVE,SCARF,STARBOARD,BOW,ALL,ASCOT,BERMUDA,TIE,BOLO,STERN,ACUTE,GAIN,RIGHT
EMERALD,CAPPUCCINO,PECAN,AMERICANO,CLEAN,WALNUT,KELLY,LATTE,CASHEW,BEAN,OLIVE,ALMOND,FOX,ESPRESSO,FOREST,PEANUT
SPARROW,CHIRP,VIOLET,TWEET,LURE,JONES,TURQUOISE,HOOK,ROD,TACKLE,PINK,REEL,BROWN,CAW,SILVER,CLUCK
TRUNDLE,MARIO,JONAS,CRASH,WARNER,CANOPY,SONIC,PILOT,LINK,MURPHY,PASSPORT,BUNK,ACCORD,WRIGHT,CIVIC,MARX
GNOME,KNEW,GNOCCHI,GNAW,FRONTIER,NU,BETA,SPIRIT,DELTA,NEW,GNU,VIRGIN,UNITED,IOTA,CHI,GNAT
SEC,PRIDE,GREED,SCHOOL,TORTOISE,LUST,SIN,COT,ENVY,LORIS,FLOCK,POD,SLOTH,PACK,TAN,SNAIL
BIRD,CORIANDER,CLOVE,CUMIN,BOO,POSH,HONEY,SCARY,AIRPLANE,PEGASUS,CARDAMOM,SWEETIE,GINGER,SUGAR,BABY,ANGEL
LEMON,TURKEY,CRANE,GEORGIA,JAY,ORANGE,FISH,DATE,TOGO,GOAT,TWINS,KIWI,SWALLOW,JORDAN,SCALES,CHAD
CARROT,HALTER,CORN,TEE,MANTIS,CRICKET,FENCING,ANT,ONION,SQUASH,TERMITE,POLO,CAMI,TANK,BEETLE,BEET
FLORIDA,KING,QUEEN,FIRE TRUCK,FULL,PIANO,GO,RUBY,CHESS,TWIN,BACKGAMMON,LOCKSMITH,CHERRY,STOP SIGN,CRYPTOGRAPHY,CHECKERS
JELLY,JOEY,CUB,HEAD,STAR,CAN,KID,SILVER,SHIN,THIGH,CRAY,JOHN,CALF,KNEE,THRONE,ANKLE
FUTURE,SIN,CHANCE,WONDER,JAIL,ICE CUBE,ROYAL,Q-TIP,MIDNIGHT,SISTER,BOARDWALK,COMMON,POWDER,GO,SEA,BABY
PEACOCK,KETCHUP,SCARLET,PLUM,TARTAR,NETFLIX,GREEN,BLUE,PRIME,RELISH,MAYO,LOW,MUSTARD,GLUM,DOWN,HULU
SWEEP,NIKE,BAT,CABARET,REEBOK,DUST,PUMA,IRON,CATS,VACUUM,ADIDAS,SUPER,CHICAGO,SPIDER,MOP,CAROUSEL
PIT,KING,GOBBLE,SCARF,MOUTH,WOLF,PEKE,STOOGE,TENOR,LAB,EYE,POM,AMIGO,CHEEK,NOSE,CHOW
SNEAKER,WHY,YARD,PUMP,ESSENCE,TIME,US,LOAFER,SEA,MILE,ARE,PEOPLE,FOOT,LEAGUE,QUEUE,BOOT
MOM,HAIL,SHIFT,RETURN,JAZZ,HEAT,NETS,SNOW,BUCKS,RACE CAR,TAB,OPTION,RAIN,SLEET,KAYAK,LEVEL
